{"Model":"XGBoost","Test MAE":34.9029352898,"R2 Score":0.9895304989}